-- --------------------------------------------------------
-- Host:                         127.0.0.1
-- Server version:               8.0.21 - MySQL Community Server - GPL
-- Server OS:                    Win64
-- HeidiSQL Version:             11.0.0.6099
-- --------------------------------------------------------

/*!40101 SET @OLD_CHARACTER_SET_CLIENT=@@CHARACTER_SET_CLIENT */;
/*!40101 SET NAMES utf8 */;
/*!50503 SET NAMES utf8mb4 */;
/*!40014 SET @OLD_FOREIGN_KEY_CHECKS=@@FOREIGN_KEY_CHECKS, FOREIGN_KEY_CHECKS=0 */;
/*!40101 SET @OLD_SQL_MODE=@@SQL_MODE, SQL_MODE='NO_AUTO_VALUE_ON_ZERO' */;


-- Dumping database structure for dp2pharm
CREATE DATABASE IF NOT EXISTS `dp2pharm` /*!40100 DEFAULT CHARACTER SET utf8mb4 COLLATE utf8mb4_0900_ai_ci */ /*!80016 DEFAULT ENCRYPTION='N' */;
USE `dp2pharm`;

-- Dumping structure for table dp2pharm.inventory
CREATE TABLE IF NOT EXISTS `inventory` (
  `item_barcode` int NOT NULL AUTO_INCREMENT,
  `item_desc` varchar(60) NOT NULL,
  `item_quantity` int NOT NULL,
  `item_price` float DEFAULT NULL,
  `item_category` char(1) DEFAULT NULL,
  `item_obsolete` tinyint(1) DEFAULT NULL,
  `minimum_stock` smallint unsigned DEFAULT NULL,
  PRIMARY KEY (`item_barcode`)
) ENGINE=InnoDB AUTO_INCREMENT=22896 DEFAULT CHARSET=utf8mb4 COLLATE=utf8mb4_0900_ai_ci;

-- Dumping data for table dp2pharm.inventory: ~8 rows (approximately)
/*!40000 ALTER TABLE `inventory` DISABLE KEYS */;
INSERT INTO `inventory` (`item_barcode`, `item_desc`, `item_quantity`, `item_price`, `item_category`, `item_obsolete`, `minimum_stock`) VALUES
	(1, 'Paracetamol', 55, 5, 'B', 0, 5),
	(2, 'Cough Medicine', 52, 9, 'A', 0, 5),
	(3, 'Insulin', 49, 4, 'B', 0, 7),
	(4, 'Skin Cream', 42, 6, 'D', 0, 3),
	(5, 'Diabetes Gummies', 46, 3.5, 'K', 0, 10),
	(6, 'Adalimumab', 53, 5, 'B', 0, 2),
	(22892, 'Band-Aids', 25, 6.5, 'E', 0, 5),
	(22893, 'Body Wash', 40, 7.6, 'K', 0, 3);
/*!40000 ALTER TABLE `inventory` ENABLE KEYS */;

-- Dumping structure for table dp2pharm.saleitem
CREATE TABLE IF NOT EXISTS `saleitem` (
  `Sale_Code` char(50) CHARACTER SET utf8mb4 COLLATE utf8mb4_0900_ai_ci NOT NULL DEFAULT 'Error - No SaleId',
  `item_barcode` int NOT NULL,
  KEY `FK1 Code` (`Sale_Code`),
  KEY `FK2 bc` (`item_barcode`),
  CONSTRAINT `FK1 Code` FOREIGN KEY (`Sale_Code`) REFERENCES `salerecord` (`Sale_Code`)
) ENGINE=InnoDB DEFAULT CHARSET=utf8mb4 COLLATE=utf8mb4_0900_ai_ci;

-- Dumping data for table dp2pharm.saleitem: ~225 rows (approximately)
/*!40000 ALTER TABLE `saleitem` DISABLE KEYS */;
INSERT INTO `saleitem` (`Sale_Code`, `item_barcode`) VALUES
	('"712c03b4-8288-402e-b52e-6eec719e2caf"', 3),
	('"712c03b4-8288-402e-b52e-6eec719e2caf"', 3),
	('"712c03b4-8288-402e-b52e-6eec719e2caf"', 3),
	('"32e50356-0563-45b2-89d6-d5385672839b"', 4),
	('"32e50356-0563-45b2-89d6-d5385672839b"', 4),
	('"32e50356-0563-45b2-89d6-d5385672839b"', 4),
	('"7edfe3b3-1857-40fe-beec-9d6eba6d08ed"', 3),
	('"7edfe3b3-1857-40fe-beec-9d6eba6d08ed"', 3),
	('"7edfe3b3-1857-40fe-beec-9d6eba6d08ed"', 3),
	('"7edfe3b3-1857-40fe-beec-9d6eba6d08ed"', 3),
	('"7edfe3b3-1857-40fe-beec-9d6eba6d08ed"', 3),
	('"7edfe3b3-1857-40fe-beec-9d6eba6d08ed"', 3),
	('"fc710f0d-20c6-4e39-b294-684a06fd67e6"', 4),
	('"fc710f0d-20c6-4e39-b294-684a06fd67e6"', 4),
	('"fc710f0d-20c6-4e39-b294-684a06fd67e6"', 4),
	('"fc710f0d-20c6-4e39-b294-684a06fd67e6"', 3),
	('"30081aa2-5637-48c1-8e5e-62af24e29138"', 6),
	('"30081aa2-5637-48c1-8e5e-62af24e29138"', 5),
	('"30081aa2-5637-48c1-8e5e-62af24e29138"', 5),
	('"30081aa2-5637-48c1-8e5e-62af24e29138"', 5),
	('"556b3a2f-455d-459e-b633-f2a05d62a2a3"', 4),
	('"556b3a2f-455d-459e-b633-f2a05d62a2a3"', 2),
	('"556b3a2f-455d-459e-b633-f2a05d62a2a3"', 2),
	('"556b3a2f-455d-459e-b633-f2a05d62a2a3"', 2),
	('"556b3a2f-455d-459e-b633-f2a05d62a2a3"', 2),
	('"7cfce727-3c17-4420-b791-32e6ba1563d4"', 4),
	('"7cfce727-3c17-4420-b791-32e6ba1563d4"', 4),
	('"7cfce727-3c17-4420-b791-32e6ba1563d4"', 4),
	('"7cfce727-3c17-4420-b791-32e6ba1563d4"', 4),
	('"7cfce727-3c17-4420-b791-32e6ba1563d4"', 2),
	('"3dd59c36-bf49-4adf-88d7-82698c672292"', 3),
	('"3dd59c36-bf49-4adf-88d7-82698c672292"', 3),
	('"3dd59c36-bf49-4adf-88d7-82698c672292"', 3),
	('"3dd59c36-bf49-4adf-88d7-82698c672292"', 6),
	('"e640248d-b503-44bc-8f89-340a9727d4f4"', 4),
	('"e640248d-b503-44bc-8f89-340a9727d4f4"', 4),
	('"e640248d-b503-44bc-8f89-340a9727d4f4"', 4),
	('"e640248d-b503-44bc-8f89-340a9727d4f4"', 4),
	('"e640248d-b503-44bc-8f89-340a9727d4f4"', 2),
	('"e640248d-b503-44bc-8f89-340a9727d4f4"', 2),
	('"bb4e1f7f-cc93-449b-919a-67d46c781eba"', 2),
	('"bb4e1f7f-cc93-449b-919a-67d46c781eba"', 1),
	('"bb4e1f7f-cc93-449b-919a-67d46c781eba"', 1),
	('"bb4e1f7f-cc93-449b-919a-67d46c781eba"', 1),
	('"e0bab3b5-fa74-48ff-9c36-a5dba94911cb"', 3),
	('"e0bab3b5-fa74-48ff-9c36-a5dba94911cb"', 3),
	('"e0bab3b5-fa74-48ff-9c36-a5dba94911cb"', 3),
	('"e0bab3b5-fa74-48ff-9c36-a5dba94911cb"', 6),
	('"e0bab3b5-fa74-48ff-9c36-a5dba94911cb"', 6),
	('"e0bab3b5-fa74-48ff-9c36-a5dba94911cb"', 6),
	('"e0bab3b5-fa74-48ff-9c36-a5dba94911cb"', 6),
	('"e0bab3b5-fa74-48ff-9c36-a5dba94911cb"', 6),
	('"e0bab3b5-fa74-48ff-9c36-a5dba94911cb"', 6),
	('"e0bab3b5-fa74-48ff-9c36-a5dba94911cb"', 6),
	('"9e2e5844-1ae8-4a6a-82cd-9e95172a7076"', 3),
	('"9e2e5844-1ae8-4a6a-82cd-9e95172a7076"', 3),
	('"9e2e5844-1ae8-4a6a-82cd-9e95172a7076"', 3),
	('"9e2e5844-1ae8-4a6a-82cd-9e95172a7076"', 6),
	('"e40e190c-d806-45d2-b39a-cba109d487d4"', 2),
	('"e40e190c-d806-45d2-b39a-cba109d487d4"', 2),
	('"e40e190c-d806-45d2-b39a-cba109d487d4"', 6),
	('"e40e190c-d806-45d2-b39a-cba109d487d4"', 6),
	('"e40e190c-d806-45d2-b39a-cba109d487d4"', 6),
	('"e40e190c-d806-45d2-b39a-cba109d487d4"', 6),
	('"de91fc15-bee7-4522-a27d-94b15315e26c"', 3),
	('"b82c8c5f-b823-42ce-8e9b-1245c3005cd5"', 5),
	('"b82c8c5f-b823-42ce-8e9b-1245c3005cd5"', 3),
	('"b82c8c5f-b823-42ce-8e9b-1245c3005cd5"', 3),
	('"b82c8c5f-b823-42ce-8e9b-1245c3005cd5"', 3),
	('"b82c8c5f-b823-42ce-8e9b-1245c3005cd5"', 3),
	('"0a7ddc40-e41f-4fbb-9d9c-ff30d88a7604"', 3),
	('"21f4a869-2743-41f5-a799-d123c02e93eb"', 3),
	('"59481ff2-4736-4afc-8230-206af566d3f4"', 3),
	('"59481ff2-4736-4afc-8230-206af566d3f4"', 3),
	('"59481ff2-4736-4afc-8230-206af566d3f4"', 3),
	('"872e57c8-da1a-4e00-90f5-60843791010c"', 3),
	('"872e57c8-da1a-4e00-90f5-60843791010c"', 3),
	('"4f980393-0ef4-4b5d-bc59-a9769e3ab983"', 3),
	('"4f980393-0ef4-4b5d-bc59-a9769e3ab983"', 3),
	('"4f980393-0ef4-4b5d-bc59-a9769e3ab983"', 3),
	('"4f980393-0ef4-4b5d-bc59-a9769e3ab983"', 3),
	('"f5020eb1-0796-4400-8187-1d3dd61f7979"', 5),
	('"f5020eb1-0796-4400-8187-1d3dd61f7979"', 5),
	('"f5020eb1-0796-4400-8187-1d3dd61f7979"', 5),
	('"c14a5a43-0afc-4f1e-b532-24267ed75e0c"', 5),
	('"c14a5a43-0afc-4f1e-b532-24267ed75e0c"', 5),
	('"c14a5a43-0afc-4f1e-b532-24267ed75e0c"', 5),
	('"c14a5a43-0afc-4f1e-b532-24267ed75e0c"', 5),
	('"c14a5a43-0afc-4f1e-b532-24267ed75e0c"', 6),
	('"373cf091-f405-4628-b6bd-6c74266457c1"', 4),
	('"373cf091-f405-4628-b6bd-6c74266457c1"', 4),
	('"373cf091-f405-4628-b6bd-6c74266457c1"', 4),
	('"373cf091-f405-4628-b6bd-6c74266457c1"', 6),
	('"6a1d5f02-6acd-4c3f-9723-84d99b322501"', 3),
	('"6a1d5f02-6acd-4c3f-9723-84d99b322501"', 3),
	('"6a1d5f02-6acd-4c3f-9723-84d99b322501"', 3),
	('"6a1d5f02-6acd-4c3f-9723-84d99b322501"', 6),
	('"6a1d5f02-6acd-4c3f-9723-84d99b322501"', 6),
	('"6a1d5f02-6acd-4c3f-9723-84d99b322501"', 6),
	('"6a1d5f02-6acd-4c3f-9723-84d99b322501"', 6),
	('"6a1d5f02-6acd-4c3f-9723-84d99b322501"', 6),
	('"6a1d5f02-6acd-4c3f-9723-84d99b322501"', 2),
	('"6a1d5f02-6acd-4c3f-9723-84d99b322501"', 2),
	('"6a1d5f02-6acd-4c3f-9723-84d99b322501"', 2),
	('"3da2bc29-7f6c-4201-8478-9138fa4252ff"', 3),
	('"3da2bc29-7f6c-4201-8478-9138fa4252ff"', 3),
	('"3da2bc29-7f6c-4201-8478-9138fa4252ff"', 3),
	('"3da2bc29-7f6c-4201-8478-9138fa4252ff"', 1),
	('"3da2bc29-7f6c-4201-8478-9138fa4252ff"', 1),
	('"3da2bc29-7f6c-4201-8478-9138fa4252ff"', 1),
	('"3da2bc29-7f6c-4201-8478-9138fa4252ff"', 1),
	('"3da2bc29-7f6c-4201-8478-9138fa4252ff"', 1),
	('"3da2bc29-7f6c-4201-8478-9138fa4252ff"', 1),
	('"3da2bc29-7f6c-4201-8478-9138fa4252ff"', 1),
	('"b5fc0278-f1b2-4f78-8dd6-61d3fe9f714e"', 3),
	('"b5fc0278-f1b2-4f78-8dd6-61d3fe9f714e"', 3),
	('"b5fc0278-f1b2-4f78-8dd6-61d3fe9f714e"', 3),
	('"b5fc0278-f1b2-4f78-8dd6-61d3fe9f714e"', 3),
	('"b5fc0278-f1b2-4f78-8dd6-61d3fe9f714e"', 3),
	('"b5fc0278-f1b2-4f78-8dd6-61d3fe9f714e"', 3),
	('"b5fc0278-f1b2-4f78-8dd6-61d3fe9f714e"', 5),
	('"b5fc0278-f1b2-4f78-8dd6-61d3fe9f714e"', 5),
	('"b5fc0278-f1b2-4f78-8dd6-61d3fe9f714e"', 2),
	('"25d276c5-99c2-4806-be3e-36eb32c524a6"', 1),
	('"25d276c5-99c2-4806-be3e-36eb32c524a6"', 1),
	('"25d276c5-99c2-4806-be3e-36eb32c524a6"', 1),
	('"25d276c5-99c2-4806-be3e-36eb32c524a6"', 1),
	('"25d276c5-99c2-4806-be3e-36eb32c524a6"', 1),
	('"25d276c5-99c2-4806-be3e-36eb32c524a6"', 1),
	('"25d276c5-99c2-4806-be3e-36eb32c524a6"', 1),
	('"25d276c5-99c2-4806-be3e-36eb32c524a6"', 1),
	('"f1efd28e-a15b-4737-a600-65cae6ee1cb3"', 2),
	('"f1efd28e-a15b-4737-a600-65cae6ee1cb3"', 2),
	('"f1efd28e-a15b-4737-a600-65cae6ee1cb3"', 2),
	('"f1efd28e-a15b-4737-a600-65cae6ee1cb3"', 3),
	('"f1efd28e-a15b-4737-a600-65cae6ee1cb3"', 3),
	('"f1efd28e-a15b-4737-a600-65cae6ee1cb3"', 3),
	('"f1efd28e-a15b-4737-a600-65cae6ee1cb3"', 3),
	('"f1efd28e-a15b-4737-a600-65cae6ee1cb3"', 3),
	('"f1efd28e-a15b-4737-a600-65cae6ee1cb3"', 3),
	('"f1efd28e-a15b-4737-a600-65cae6ee1cb3"', 3),
	('"f1efd28e-a15b-4737-a600-65cae6ee1cb3"', 4),
	('"f1efd28e-a15b-4737-a600-65cae6ee1cb3"', 4),
	('"f1efd28e-a15b-4737-a600-65cae6ee1cb3"', 4),
	('"f1efd28e-a15b-4737-a600-65cae6ee1cb3"', 4),
	('"073a8f83-6816-4c72-9098-ea5714388830"', 4),
	('"073a8f83-6816-4c72-9098-ea5714388830"', 4),
	('"073a8f83-6816-4c72-9098-ea5714388830"', 4),
	('"073a8f83-6816-4c72-9098-ea5714388830"', 4),
	('"073a8f83-6816-4c72-9098-ea5714388830"', 4),
	('"073a8f83-6816-4c72-9098-ea5714388830"', 4),
	('"073a8f83-6816-4c72-9098-ea5714388830"', 4),
	('"073a8f83-6816-4c72-9098-ea5714388830"', 4),
	('"073a8f83-6816-4c72-9098-ea5714388830"', 4),
	('"073a8f83-6816-4c72-9098-ea5714388830"', 4),
	('"073a8f83-6816-4c72-9098-ea5714388830"', 4),
	('"073a8f83-6816-4c72-9098-ea5714388830"', 4),
	('"073a8f83-6816-4c72-9098-ea5714388830"', 4),
	('"073a8f83-6816-4c72-9098-ea5714388830"', 4),
	('"073a8f83-6816-4c72-9098-ea5714388830"', 4),
	('"e39a5056-bd33-4020-929c-16e0c8583a8c"', 4),
	('"e39a5056-bd33-4020-929c-16e0c8583a8c"', 4),
	('"e39a5056-bd33-4020-929c-16e0c8583a8c"', 4),
	('"e39a5056-bd33-4020-929c-16e0c8583a8c"', 4),
	('"e39a5056-bd33-4020-929c-16e0c8583a8c"', 4),
	('"ac44b407-8028-4d35-834c-d6ad6dead46c"', 4),
	('"ac44b407-8028-4d35-834c-d6ad6dead46c"', 4),
	('"ac44b407-8028-4d35-834c-d6ad6dead46c"', 4),
	('"ff9c5fb1-7921-4d94-8465-d6f45aa10c1d"', 4),
	('"89d5b226-ca74-4b7a-a060-f0f6621f1f4b"', 4),
	('"89d5b226-ca74-4b7a-a060-f0f6621f1f4b"', 4),
	('"89d5b226-ca74-4b7a-a060-f0f6621f1f4b"', 4),
	('"89d5b226-ca74-4b7a-a060-f0f6621f1f4b"', 4),
	('"ca5ab9f9-0f25-4c03-8c63-0ab15d56cab2"', 4),
	('"ca5ab9f9-0f25-4c03-8c63-0ab15d56cab2"', 4),
	('"ca5ab9f9-0f25-4c03-8c63-0ab15d56cab2"', 4),
	('"ca5ab9f9-0f25-4c03-8c63-0ab15d56cab2"', 4),
	('"ca5ab9f9-0f25-4c03-8c63-0ab15d56cab2"', 4),
	('"d70743e1-f072-4d5d-9744-690013ace51b"', 4),
	('"d70743e1-f072-4d5d-9744-690013ace51b"', 4),
	('"d70743e1-f072-4d5d-9744-690013ace51b"', 4),
	('"d70743e1-f072-4d5d-9744-690013ace51b"', 4),
	('"d70743e1-f072-4d5d-9744-690013ace51b"', 4),
	('"d70743e1-f072-4d5d-9744-690013ace51b"', 4),
	('"d70743e1-f072-4d5d-9744-690013ace51b"', 4),
	('"d70743e1-f072-4d5d-9744-690013ace51b"', 4),
	('"d70743e1-f072-4d5d-9744-690013ace51b"', 4),
	('"d70743e1-f072-4d5d-9744-690013ace51b"', 4),
	('"d70743e1-f072-4d5d-9744-690013ace51b"', 4),
	('"d70743e1-f072-4d5d-9744-690013ace51b"', 4),
	('"d70743e1-f072-4d5d-9744-690013ace51b"', 4),
	('"d70743e1-f072-4d5d-9744-690013ace51b"', 4),
	('"d70743e1-f072-4d5d-9744-690013ace51b"', 4),
	('"17a3b534-a989-44d1-8c0f-f7c7c45c2ff6"', 3),
	('"17a3b534-a989-44d1-8c0f-f7c7c45c2ff6"', 3),
	('"17a3b534-a989-44d1-8c0f-f7c7c45c2ff6"', 4),
	('"17a3b534-a989-44d1-8c0f-f7c7c45c2ff6"', 4),
	('"bf69f872-bf1d-4483-9fc7-8033f3e5c3cd"', 4),
	('"bf69f872-bf1d-4483-9fc7-8033f3e5c3cd"', 4),
	('7c7c9cb8-14fc-4269-a5eb-111539836c7b', 6),
	('7c7c9cb8-14fc-4269-a5eb-111539836c7b', 6),
	('7c7c9cb8-14fc-4269-a5eb-111539836c7b', 3),
	('8d0b1ab1-99bd-4809-9ffd-4d2cfb4e0b08', 3),
	('8d0b1ab1-99bd-4809-9ffd-4d2cfb4e0b08', 3),
	('8d0b1ab1-99bd-4809-9ffd-4d2cfb4e0b08', 3),
	('8d0b1ab1-99bd-4809-9ffd-4d2cfb4e0b08', 3),
	('8d56badf-20f3-40eb-ad15-42186f7f9f73', 5),
	('8d56badf-20f3-40eb-ad15-42186f7f9f73', 5),
	('8d56badf-20f3-40eb-ad15-42186f7f9f73', 5),
	('8d56badf-20f3-40eb-ad15-42186f7f9f73', 5),
	('cfa00322-f6d4-498b-be5a-3b4bba09c523', 4),
	('cfa00322-f6d4-498b-be5a-3b4bba09c523', 4),
	('cfa00322-f6d4-498b-be5a-3b4bba09c523', 4),
	('cfa00322-f6d4-498b-be5a-3b4bba09c523', 4),
	('cfa00322-f6d4-498b-be5a-3b4bba09c523', 4),
	('b7b8946e-909d-4810-91a8-4573d38ccfff', 4),
	('b7b8946e-909d-4810-91a8-4573d38ccfff', 4),
	('b7b8946e-909d-4810-91a8-4573d38ccfff', 4),
	('b7b8946e-909d-4810-91a8-4573d38ccfff', 4),
	('b7b8946e-909d-4810-91a8-4573d38ccfff', 4),
	('b7b8946e-909d-4810-91a8-4573d38ccfff', 4),
	('b7b8946e-909d-4810-91a8-4573d38ccfff', 4),
	('b7b8946e-909d-4810-91a8-4573d38ccfff', 4),
	('b7b8946e-909d-4810-91a8-4573d38ccfff', 4),
	('b7b8946e-909d-4810-91a8-4573d38ccfff', 4);
/*!40000 ALTER TABLE `saleitem` ENABLE KEYS */;

-- Dumping structure for table dp2pharm.salerecord
CREATE TABLE IF NOT EXISTS `salerecord` (
  `Sale_Code` char(250) CHARACTER SET utf8mb4 COLLATE utf8mb4_0900_ai_ci NOT NULL DEFAULT 'Error - No Sale Id',
  `Staff_Code` char(50) CHARACTER SET utf8mb4 COLLATE utf8mb4_0900_ai_ci NOT NULL DEFAULT '""',
  `Sale_Time` datetime NOT NULL DEFAULT CURRENT_TIMESTAMP,
  PRIMARY KEY (`Sale_Code`),
  KEY `Staff_Code` (`Staff_Code`),
  KEY `Sale_Time` (`Sale_Time`)
) ENGINE=InnoDB DEFAULT CHARSET=utf8mb4 COLLATE=utf8mb4_0900_ai_ci;

-- Dumping data for table dp2pharm.salerecord: ~48 rows (approximately)
/*!40000 ALTER TABLE `salerecord` DISABLE KEYS */;
INSERT INTO `salerecord` (`Sale_Code`, `Staff_Code`, `Sale_Time`) VALUES
	('"073a8f83-6816-4c72-9098-ea5714388830"', 'phpadmin', '2020-09-01 00:00:00'),
	('"0a7ddc40-e41f-4fbb-9d9c-ff30d88a7604"', 'phpadmin', '2020-09-03 00:00:00'),
	('"17a3b534-a989-44d1-8c0f-f7c7c45c2ff6"', 'phpadmin', '2020-09-05 00:00:00'),
	('"21f4a869-2743-41f5-a799-d123c02e93eb"', 'phpadmin', '2020-09-06 00:00:00'),
	('"25d276c5-99c2-4806-be3e-36eb32c524a6"', 'phpadmin', '2020-09-08 00:00:00'),
	('"30081aa2-5637-48c1-8e5e-62af24e29138"', 'phpadmin', '2020-09-09 00:00:00'),
	('"32e50356-0563-45b2-89d6-d5385672839b"', 'phpadmin', '2020-09-13 00:00:00'),
	('"373cf091-f405-4628-b6bd-6c74266457c1"', 'phpadmin', '2020-09-15 00:00:00'),
	('"3da2bc29-7f6c-4201-8478-9138fa4252ff"', 'phpadmin', '2020-09-17 00:00:00'),
	('"3dd59c36-bf49-4adf-88d7-82698c672292"', 'phpadmin', '2020-09-20 00:00:00'),
	('"4f980393-0ef4-4b5d-bc59-a9769e3ab983"', 'phpadmin', '2020-09-25 00:00:00'),
	('"556b3a2f-455d-459e-b633-f2a05d62a2a3"', 'phpadmin', '2020-09-28 00:00:00'),
	('"59481ff2-4736-4afc-8230-206af566d3f4"', 'phpadmin', '2020-10-01 00:00:00'),
	('"6a1d5f02-6acd-4c3f-9723-84d99b322501"', 'phpadmin', '2020-10-04 00:00:00'),
	('"712c03b4-8288-402e-b52e-6eec719e2caf"', 'phpadmin', '2020-10-07 00:00:00'),
	('"7cfce727-3c17-4420-b791-32e6ba1563d4"', 'phpadmin', '2020-10-09 00:00:00'),
	('"7edfe3b3-1857-40fe-beec-9d6eba6d08ed"', 'phpadmin', '2020-10-13 00:00:00'),
	('"872e57c8-da1a-4e00-90f5-60843791010c"', 'phpadmin', '2020-10-16 00:00:00'),
	('"89d5b226-ca74-4b7a-a060-f0f6621f1f4b"', 'phpadmin', '2020-10-17 00:00:00'),
	('"9e2e5844-1ae8-4a6a-82cd-9e95172a7076"', 'phpadmin', '2020-10-19 00:00:00'),
	('"ac44b407-8028-4d35-834c-d6ad6dead46c"', 'phpadmin', '2020-10-22 00:00:00'),
	('"b5fc0278-f1b2-4f78-8dd6-61d3fe9f714e"', 'phpadmin', '2020-10-25 00:00:00'),
	('"b82c8c5f-b823-42ce-8e9b-1245c3005cd5"', 'phpadmin', '2020-10-27 00:00:00'),
	('"bb4e1f7f-cc93-449b-919a-67d46c781eba"', 'phpadmin', '2020-11-01 00:00:00'),
	('"bf69f872-bf1d-4483-9fc7-8033f3e5c3cd"', 'phpadmin', '2020-11-06 00:00:00'),
	('"c14a5a43-0afc-4f1e-b532-24267ed75e0c"', 'phpadmin', '2020-11-07 00:00:00'),
	('"ca5ab9f9-0f25-4c03-8c63-0ab15d56cab2"', 'phpadmin', '2020-11-09 00:00:00'),
	('"d70743e1-f072-4d5d-9744-690013ace51b"', 'phpadmin', '2020-11-17 00:00:00'),
	('"de91fc15-bee7-4522-a27d-94b15315e26c"', 'phpadmin', '2020-11-19 00:00:00'),
	('"e0bab3b5-fa74-48ff-9c36-a5dba94911cb"', 'phpadmin', '2020-11-22 00:00:00'),
	('"e39a5056-bd33-4020-929c-16e0c8583a8c"', 'phpadmin', '2020-11-25 00:00:00'),
	('"e40e190c-d806-45d2-b39a-cba109d487d4"', 'phpadmin', '2020-11-26 00:00:00'),
	('"e640248d-b503-44bc-8f89-340a9727d4f4"', 'phpadmin', '2020-11-27 00:00:00'),
	('"f1efd28e-a15b-4737-a600-65cae6ee1cb3"', 'phpadmin', '2020-11-28 00:00:00'),
	('"f5020eb1-0796-4400-8187-1d3dd61f7979"', 'phpadmin', '2020-11-29 00:00:00'),
	('"fc710f0d-20c6-4e39-b294-684a06fd67e6"', 'phpadmin', '2020-11-30 00:00:00'),
	('"ff9c5fb1-7921-4d94-8465-d6f45aa10c1d"', 'phpadmin', '2020-11-30 14:58:58'),
	('7c7c9cb8-14fc-4269-a5eb-111539836c7b', 'root', '2020-10-21 04:58:58'),
	('8d0b1ab1-99bd-4809-9ffd-4d2cfb4e0b08', 'root', '2020-10-21 05:06:16'),
	('8d56badf-20f3-40eb-ad15-42186f7f9f73', 'root', '2020-10-21 05:09:44'),
	('b7b8946e-909d-4810-91a8-4573d38ccfff', 'root', '2020-10-21 06:41:58'),
	('cfa00322-f6d4-498b-be5a-3b4bba09c523', 'root', '2020-10-21 06:41:46');
/*!40000 ALTER TABLE `salerecord` ENABLE KEYS */;

/*!40101 SET SQL_MODE=IFNULL(@OLD_SQL_MODE, '') */;
/*!40014 SET FOREIGN_KEY_CHECKS=IF(@OLD_FOREIGN_KEY_CHECKS IS NULL, 1, @OLD_FOREIGN_KEY_CHECKS) */;
/*!40101 SET CHARACTER_SET_CLIENT=@OLD_CHARACTER_SET_CLIENT */;
