-- --------------------------------------------------------
-- Host:                         127.0.0.1
-- Server version:               8.0.21 - MySQL Community Server - GPL
-- Server OS:                    Win64
-- HeidiSQL Version:             11.0.0.6099
-- --------------------------------------------------------

/*!40101 SET @OLD_CHARACTER_SET_CLIENT=@@CHARACTER_SET_CLIENT */;
/*!40101 SET NAMES utf8 */;
/*!50503 SET NAMES utf8mb4 */;
/*!40014 SET @OLD_FOREIGN_KEY_CHECKS=@@FOREIGN_KEY_CHECKS, FOREIGN_KEY_CHECKS=0 */;
/*!40101 SET @OLD_SQL_MODE=@@SQL_MODE, SQL_MODE='NO_AUTO_VALUE_ON_ZERO' */;


-- Dumping database structure for dp2pharm
CREATE DATABASE IF NOT EXISTS `dp2pharm` /*!40100 DEFAULT CHARACTER SET utf8mb4 COLLATE utf8mb4_0900_ai_ci */ /*!80016 DEFAULT ENCRYPTION='N' */;
USE `dp2pharm`;

-- Dumping structure for table dp2pharm.inventory
CREATE TABLE IF NOT EXISTS `inventory` (
  `item_barcode` int NOT NULL AUTO_INCREMENT,
  `item_desc` varchar(60) NOT NULL,
  `item_quantity` int NOT NULL,
  `item_price` float DEFAULT NULL,
  `item_category` char(1) DEFAULT NULL,
  `item_obsolete` tinyint(1) DEFAULT NULL,
  `minimum_stock` smallint unsigned DEFAULT NULL,
  PRIMARY KEY (`item_barcode`)
) ENGINE=InnoDB AUTO_INCREMENT=201 DEFAULT CHARSET=utf8mb4 COLLATE=utf8mb4_0900_ai_ci;

-- Dumping data for table dp2pharm.inventory: ~9 rows (approximately)
/*!40000 ALTER TABLE `inventory` DISABLE KEYS */;
INSERT INTO `inventory` (`item_barcode`, `item_desc`, `item_quantity`, `item_price`, `item_category`, `item_obsolete`, `minimum_stock`) VALUES
	(1, 'Gloves - Nitrile 100pc', 30, 14.99, 'C', 0, 10),
	(2, 'Gloves - Latex 100pc', 29, 9.99, 'C', 0, 10),
	(3, 'Gloves - Dish 2pc', 8, 7.99, 'I', 0, 6),
	(4, 'Disposable Mask - Blue - 1pc', 43, 2.99, 'C', 0, 20),
	(5, 'Disposable Mask - White - 1pc', 0, 2.99, 'C', 1, 0),
	(6, 'Disposable Mask - Blue - 5pc', 26, 10.99, 'C', 0, 30),
	(7, 'Disposable Mask - Blue - 10pc', 21, 14.99, 'C', 0, 20),
	(8, 'Disposable Mask - Blue - 50pc', 14, 39.99, 'C', 0, 20),
	(9, 'Disposable Mask - White - 50pc', 0, 39.99, 'C', 1, 0),
	(10, 'Reusable Mask - 1pc', 19, 7.99, 'C', 0, 12),
	(11, 'Reusable Mask - 5pc', 13, 24.99, 'C', 0, 12),
	(12, 'N95 Mask - 3pc', 8, 14.99, 'C', 0, 6),
	(13, 'N95 Mask - 10pc', 6, 29.99, 'C', 0, 6),
	(14, 'Face Shield - 1pc', 30, 6.99, 'C', 0, 6),
	(15, 'Relevant Popstar Perfume - 30ml', 8, 19.99, 'F', 0, 4),
	(16, 'Irrelevant Popstar Perfume - 30ml', 3, 9.99, 'F', 1, 0),
	(17, 'Generic Perfume - 90ml', 9, 29.99, 'F', 0, 4),
	(18, 'Upper Class Perfume - 100ml', 8, 49.99, 'F', 0, 4),
	(19, 'Couture Parfum - 100ml', 2, 109.99, 'F', 0, 2),
	(20, 'Floral Perfume Collection - 40ml - 3pc', 30, 29.99, 'F', 1, 0),
	(21, 'Streetwear Cologne - 100ml', 8, 6.99, 'F', 0, 12),
	(22, 'Relevant Athlete Cologne - 70ml', 3, 14.99, 'F', 1, 0),
	(23, 'Generic Cologne - 90ml', 9, 29.99, 'F', 0, 4),
	(24, 'Upper Class Cologne - 100ml', 8, 49.99, 'F', 0, 4),
	(25, 'Couture Cologne - 100ml', 2, 124.99, 'F', 0, 2),
	(26, 'Probiotic - Capsules - 60pc', 30, 29.99, 'K', 0, 20),
	(27, 'Probiotic - Capsules - 100pc', 15, 49.99, 'K', 0, 20),
	(28, 'Probiotic - Capsules - 200pc', 8, 89.99, 'K', 0, 20),
	(29, 'Vitamin C Chewable - Tablets - 300pc', 8, 14.99, 'K', 0, 10),
	(30, 'Vitamin D - Tablets - 30pc', 18, 8.99, 'K', 0, 20),
	(31, 'Vitamin D - Tablets - 60pc', 15, 15.99, 'K', 0, 20),
	(32, 'Vitamin D - Tablets - 100pc', 11, 21.99, 'K', 0, 20),
	(33, 'Iron - Tablets - 30pc', 3, 9.99, 'K', 0, 20),
	(34, 'Iron - Tablets - 60pc', 15, 16.99, 'K', 0, 20),
	(35, 'Iron - Tablets - 100pc', 9, 22.99, 'K', 0, 20),
	(36, 'Zinc - Tablets - 30pc', 43, 8.99, 'K', 0, 20),
	(37, 'Zinc - Tablets - 60pc', 2, 15.99, 'K', 0, 20),
	(38, 'Zinc - Tablets - 100pc', 11, 21.99, 'K', 0, 20),
	(39, 'Fish Oil - Capsules - 200pc', 16, 13.99, 'K', 0, 10),
	(40, 'Krill Oil - Capsules - 60pc', 13, 21.99, 'K', 0, 10),
	(41, 'Kids Multivitamin Chewable Strawberry - Tablets - 60pc', 7, 12.49, 'K', 0, 10),
	(42, 'Kids Multivitamin Chewable Orange - Tablets - 60pc', 9, 12.49, 'K', 0, 10),
	(43, 'Kids Multivitamin Chewable Banana - Tablets - 60pc', 4, 9.99, 'K', 1, 0),
	(44, 'Pregnancy Multivitamin - Tablets - 100pc', 30, 66.99, 'K', 0, 10),
	(45, 'Male Fertility Supplement - Capsules - 90pc', 14, 64.99, 'K', 0, 10),
	(46, 'Female Fertility Supplement - Capsules - 90pc', 8, 64.99, 'K', 0, 10),
	(47, 'Nails Hair and Skin - Tablets - 60pc', 6, 11.99, 'K', 0, 8),
	(48, 'Bone and Muscle - Tablets - 100pc', 30, 9.99, 'K', 0, 8),
	(49, 'Infant Vitamin D - Drops - 2.4ml', 5, 9.99, 'K', 0, 2),
	(50, 'Infant Probiotic - Powder - 60g', 6, 29.99, 'K', 0, 2),
	(51, 'Multivitamin Flavour Variety Pack - Dissolvable - 60pc', 16, 24.99, 'K', 0, 10),
	(52, 'Moisturising Cream - 500g', 8, 17.99, 'D', 0, 8),
	(53, 'Moisturising Cream - 1kg', 3, 30.99, 'D', 0, 8),
	(54, 'Pawpaw Ointment - 25g', 14, 5.99, 'D', 0, 6),
	(55, 'Pawpaw Ointment - 75g', 9, 11.99, 'D', 0, 6),
	(56, 'Generic Anti-Aging Serum - 30ml', 6, 24.99, 'D', 0, 4),
	(57, 'Fancy Anti-Aging Serum - 30ml', 16, 49.99, 'D', 0, 4),
	(58, 'Skin Cleanser Smoothing - 450ml', 43, 13.99, 'D', 0, 4),
	(59, 'Skin Cleanser Hydrating - 450ml', 3, 14.99, 'D', 0, 4),
	(60, 'Skin Cleanser Foaming - 450ml', 9, 15.99, 'D', 0, 4),
	(61, 'Rosehip Oil - 50ml', 9, 14.99, 'D', 0, 2),
	(62, 'Wax Strips Facial - 20pc', 30, 9.99, 'F', 0, 6),
	(63, 'Wax Strips Large - 20pc', 2, 12.99, 'F', 0, 6),
	(64, 'Wax Strips Large - 50pc', 3, 24.99, 'F', 0, 6),
	(65, 'Wax Strips Large Sensitive - 15pc', 25, 12.99, 'F', 0, 6),
	(66, 'Wax Strips Large Sensitive - 30pc', 8, 22.99, 'F', 0, 6),
	(67, 'Hair Removal Cream - 200ml', 2, 8.99, 'D', 0, 6),
	(68, 'Cotton Tips - 240pc', 9, 2.49, 'D', 0, 12),
	(69, 'Cotton Tips - 400pc', 30, 4.49, 'D', 0, 12),
	(70, 'Cotton Make Up Pads - 20pc', 25, 0.99, 'D', 0, 12),
	(71, 'Cotton Make Up Pads - 80pc', 11, 2.99, 'D', 0, 12),
	(72, 'Cotton Make Up Pads Twin Pack - 160pc', 16, 5.49, 'D', 0, 12),
	(73, 'Cotton Balls - 100pc', 13, 1.49, 'D', 0, 12),
	(74, 'Cotton Balls - 200pc', 7, 2.49, 'D', 0, 12),
	(75, 'Cotton Balls - 400pc', 43, 4.49, 'D', 0, 12),
	(76, 'Pore Strips - 6pc', 4, 3.99, 'F', 0, 6),
	(77, 'Pore Strips - 14pc', 6, 7.99, 'F', 0, 6),
	(78, 'Pore Strips Charcoal - 6pc', 14, 4.99, 'F', 0, 6),
	(79, 'Witch Hazel Toner - 200ml', 25, 5.49, 'F', 0, 4),
	(80, 'Acne Gel - 60g', 10, 22.99, 'F', 0, 4),
	(81, 'Deodorant Antiperspirant Roll On - Original - 50ml', 7, 1.99, 'C', 0, 6),
	(82, 'Deodorant Antiperspirant Roll On - Pomegranate - 50ml', 25, 1.99, 'C', 0, 6),
	(83, 'Deodorant Antiperspirant Roll On - Green Tea - 50ml', 10, 1.99, 'C', 0, 6),
	(84, 'Deodorant Antiperspirant Roll On - Invisible - 50ml', 5, 1.99, 'C', 0, 6),
	(85, 'Deodorant Antiperspirant Roll On - Tiger - 50ml', 2, 1.99, 'C', 0, 6),
	(86, 'Deodorant Antiperspirant Aerosol - Original - 250ml', 30, 3.49, 'C', 0, 6),
	(87, 'Deodorant Antiperspirant Aerosol - Floral - 250ml', 4, 3.49, 'C', 0, 6),
	(88, 'Deodorant Antiperspirant Aerosol - Invisible - 250ml', 9, 3.49, 'C', 0, 6),
	(89, 'Kids 3 in 1 Wash - 350ml', 30, 2.99, 'C', 0, 5),
	(90, 'Shampoo Detangling - 350ml', 9, 3.49, 'C', 0, 5),
	(91, 'Shampoo Colour Retention - 350ml', 43, 3.49, 'C', 0, 5),
	(92, 'Shampoo Hydrating - 350ml', 6, 3.49, 'C', 0, 5),
	(93, 'Shampoo Healing - 350ml', 3, 3.49, 'C', 0, 5),
	(94, 'Conditioner Detangling - 350ml', 25, 3.49, 'C', 0, 5),
	(95, 'Conditioner Colour Retention - 350ml', 43, 3.49, 'C', 0, 5),
	(96, 'Conditioner Hydrating - 350ml', 6, 3.49, 'C', 0, 5),
	(97, 'Conditioner Healing - 350ml', 5, 3.49, 'C', 0, 5),
	(98, 'Shampoo Tea Tree - 250ml', 25, 8.99, 'C', 0, 5),
	(99, 'Baby Shampoo - 500ml', 3, 9.49, 'C', 0, 5),
	(100, 'Baby Conditioner - 500ml', 4, 9.49, 'C', 0, 5),
	(101, 'Argan Oil Shampoo - 385ml', 9, 9.99, 'C', 1, 0),
	(102, 'Goats Milk Shampoo - 300ml', 30, 5.99, 'C', 0, 3),
	(103, 'Goats Milk Conditioner - 300ml', 5, 5.99, 'C', 0, 3),
	(104, 'Anti-Lice Treatment - 200ml', 5, 8.99, 'C', 0, 6),
	(105, 'Bar Soap Multipack - Original - 450g - 5pc', 1, 4.49, 'C', 0, 5),
	(106, 'Bar Soap Multipack  - Lavender - 450g - 5pc', 25, 4.49, 'C', 0, 5),
	(107, 'Bar Soap Multipack  - Shea Butter - 450g - 5pc', 30, 4.49, 'C', 0, 5),
	(108, 'Bar Soap Multipack  - Mint - 450g - 5pc', 6, 4.49, 'C', 0, 5),
	(109, 'Bar Soap Multipack  - Tea Tree - 450g - 5pc', 30, 4.49, 'C', 0, 5),
	(110, 'Bar Soap Multipack  - Pine - 450g - 5pc', 7, 4.49, 'C', 0, 5),
	(111, 'Bar Soap Multipack  - Goats Milk - 450g - 5pc', 9, 4.49, 'C', 0, 5),
	(112, 'Bar Soap Multipack - Antiseptic - 450g - 5pc', 25, 4.49, 'C', 0, 5),
	(113, 'Antibacterial Handwash Foaming - Cherry Blossom - 250ml', 8, 2.99, 'C', 0, 6),
	(114, 'Antibacterial Handwash Foaming - Lemon - 250ml', 4, 2.99, 'C', 0, 6),
	(115, 'Antibacterial Handwash Foaming - Wild Berries - 250ml', 3, 2.99, 'C', 0, 6),
	(116, 'Antibacterial Handwash - Lavender - 600ml', 43, 2.99, 'C', 0, 6),
	(117, 'Antibacterial Handwash - Milk and Honey - 600ml', 6, 2.99, 'C', 0, 6),
	(118, 'Antibacterial Handwash - Vanilla and Coconut - 600ml', 6, 2.99, 'C', 0, 6),
	(119, 'Antibacterial Handwash - Orange - 600ml', 43, 2.99, 'C', 0, 6),
	(120, 'Antibacterial Handwash - Citrus - 600ml', 2, 2.99, 'C', 1, 0),
	(121, 'Hand Sanitiser Portable - Original - 50ml', 25, 3.99, 'C', 0, 24),
	(122, 'Hand Sanitiser Portable - Superhero Branding - 50ml', 7, 3.99, 'C', 0, 24),
	(123, 'Hand Sanitiser Portable - AFL Branding - 50ml', 5, 3.99, 'C', 0, 24),
	(124, 'Hand Sanitiser Pump - 200ml', 16, 5.99, 'C', 0, 24),
	(125, 'Hand Sanitiser Spray - 120ml', 8, 5.99, 'C', 0, 24),
	(126, 'Hand Sanitiser Wipes - 30pc', 30, 3.99, 'C', 0, 24),
	(127, 'Hand Sanitiser Wipes - 80pc', 9, 6.99, 'C', 0, 24),
	(128, 'Toothpaste - Sensitive - 100g', 7, 7.99, 'M', 0, 12),
	(129, 'Toothpaste - Cavity Protection - 100g', 43, 7.99, 'M', 0, 12),
	(130, 'Toothpaste - Whitening - 100g', 5, 7.99, 'M', 0, 12),
	(131, 'Toothpaste - Charcoal - 100g', 25, 8.99, 'M', 0, 12),
	(132, 'Toothpaste - Kids - 80g', 1, 5.49, 'M', 0, 12),
	(133, 'Dental Floss - 20m - 1pc', 9, 3.49, 'M', 0, 12),
	(134, 'Dental Floss - 40m - 2pc', 8, 5.99, 'M', 0, 12),
	(135, 'Mouthwash - Peppermint - 375ml', 6, 5.99, 'M', 0, 6),
	(136, 'Mouthwash - Peppermint - 1L', 8, 9.99, 'M', 0, 6),
	(137, 'Mouthwash - Alcohol Free - 1L', 7, 9.99, 'M', 0, 6),
	(138, 'Toothbrush Multipack - Plastic - 6pc', 30, 9.99, 'M', 0, 6),
	(139, 'Toothbrush Multipack - Kids - 2pc', 7, 1.99, 'M', 0, 6),
	(140, 'Toothbrush Multipack - Bamboo - 2pc', 43, 4.99, 'M', 0, 6),
	(141, 'Toothbrush Electronic - Pink', 5, 54.99, 'M', 0, 2),
	(142, 'Toothbrush Electronic - Blue', 5, 54.99, 'M', 0, 2),
	(143, 'Toothbrush Electronic - Grey', 1, 50.99, 'M', 1, 0),
	(144, 'Toothbrush Replacement Heads - 2pc', 9, 13.99, 'M', 0, 6),
	(145, 'Antifungal Nail Solution - 6.6ml ', 25, 38.99, 'B', 0, 6),
	(146, 'Paracetamol Tablets - 12pc', 18, 5.99, 'B', 0, 10),
	(147, 'Paracetamol Tablets - 24pc', 30, 9.99, 'B', 0, 10),
	(148, 'Ibuprofen Tablets - 12pc', 15, 5.99, 'B', 0, 10),
	(149, 'Ibuprofen Tablets - 24pc', 6, 9.99, 'B', 0, 10),
	(150, 'Naproxen Tablets - 12pc', 17, 5.99, 'B', 0, 10),
	(151, 'Naproxen Tablets - 24pc', 12, 9.99, 'B', 0, 10),
	(152, 'Antiworm Chocolate Squares - 2.5g', 8, 15.99, 'B', 0, 6),
	(153, 'Throat Spray - 15ml', 43, 14.99, 'B', 0, 4),
	(154, 'Adhesive Bandages - Small - Plastic - 50pc', 17, 3.49, 'A', 0, 10),
	(155, 'Adhesive Bandages - Large - Plastic - 50pc', 19, 4.49, 'A', 0, 10),
	(156, 'Adhesive Bandages - Small - Fabric - 50pc', 2, 3.49, 'A', 0, 10),
	(157, 'Adhesive Bandages - Large - Fabric - 50pc', 23, 4.49, 'A', 0, 10),
	(158, 'Adhesive Bandages - Small - Clear - 50pc', 9, 3.49, 'A', 0, 10),
	(159, 'Adhesive Bandages - Large - Clear - 50pc', 11, 4.49, 'A', 0, 10),
	(160, 'Adhesive Bandages - Kids - Animal Branding - 15pc', 30, 1.99, 'A', 1, 0),
	(161, 'Adhesive Bandages - Kids - Superhero Branding - 15pc', 12, 1.99, 'A', 0, 8),
	(162, 'Adhesive Bandages - Kids - Princess Branding - 15pc', 25, 1.99, 'A', 0, 8),
	(163, 'Adhesive Bandages - Blister Heal - 40pc', 30, 4.49, 'A', 0, 6),
	(164, 'Jelly Beans - Rainbow - 150g', 17, 1.99, 'G', 0, 12),
	(165, 'Jelly Beans - Licorice - 150g', 19, 1.99, 'G', 0, 12),
	(166, 'Jelly Beans - Red - 150g', 2, 0.99, 'G', 1, 0),
	(167, 'Jelly Beans - Rainbow - 1kg', 43, 11.99, 'G', 0, 6),
	(168, 'Jelly Beans - Licorice - 1kg', 9, 11.99, 'G', 0, 6),
	(169, 'Menstrual Pad - Regular - 14pc', 11, 2.95, 'E', 0, 16),
	(170, 'Menstrual Pad - Super - 12pc', 14, 2.95, 'E', 0, 16),
	(171, 'Menstrual Pad - Overnight - 10pc', 12, 2.95, 'E', 0, 16),
	(172, 'Menstrual Tampon - Slim - 18pc', 9, 2.99, 'E', 0, 16),
	(173, 'Menstrual Tampon - Regular - 16pc', 25, 2.99, 'E', 0, 16),
	(174, 'Menstrual Tampon - Super - 20pc', 10, 4.99, 'E', 0, 16),
	(175, 'Pregnancy Test - 3pc', 16, 13.49, 'B', 0, 16),
	(176, 'Lipstick - Red - 3g', 7, 14.99, 'L', 0, 3),
	(177, 'Lipstick - Coral - 3g', 25, 14.99, 'L', 0, 3),
	(178, 'Lipstick - Nude - 3g', 30, 14.99, 'L', 0, 3),
	(179, 'Lipstick - Espresso - 3g', 8, 14.99, 'L', 0, 3),
	(180, 'Lipstick - Magenta - 3g', 4, 14.99, 'L', 1, 0),
	(181, 'Lipstick - Black - 3g', 30, 14.99, 'L', 0, 3),
	(182, 'Mascara - Black - 9.5ml', 6, 9.99, 'L', 0, 2),
	(183, 'Mascara - Brown - 9.5ml', 6, 9.99, 'L', 0, 2),
	(184, 'Lip Balm - Hydrating - 4.5g', 6, 2.99, 'L', 0, 3),
	(185, 'Lip Balm - Peppermint - 4.5g', 43, 2.99, 'L', 0, 3),
	(186, 'Lip Balm - Pomegranate - 4.5g', 2, 2.99, 'L', 0, 3),
	(187, 'Liquid Foundation - Ivory - 22ml', 5, 24.99, 'L', 0, 2),
	(188, 'Liquid Foundation - Rose - 22ml', 7, 24.99, 'L', 0, 2),
	(189, 'Liquid Foundation - Cappuccino - 22ml', 5, 24.99, 'L', 0, 2),
	(190, 'Liquid Concealer - Ivory - 6ml', 9, 16.99, 'L', 0, 2),
	(191, 'Liquid Concealer - Rose - 6ml', 30, 16.99, 'L', 0, 2),
	(192, 'Liquid Concealer - Cappuccino - 6ml', 11, 16.99, 'L', 0, 2),
	(193, 'Nail Polish - Red - 8ml', 5, 5.99, 'L', 0, 1),
	(194, 'Nail Polish - Pale Pink - 8ml', 8, 5.99, 'L', 0, 1),
	(195, 'Nail Polish - Magenta - 8ml', 8, 5.99, 'L', 0, 1),
	(196, 'Nail Polish - Clear - 8ml', 30, 5.99, 'L', 0, 1),
	(197, 'Nail Polish - Plum - 8ml', 8, 5.99, 'L', 0, 1),
	(198, 'Nail Polish - Powder Blue - 8ml', 43, 3.99, 'L', 1, 0),
	(199, 'Nail Polish - Orange - 8ml', 4, 3.99, 'L', 1, 0),
	(200, 'Nail Polish - Green - 8ml', 7, 3.99, 'L', 1, 0);
/*!40000 ALTER TABLE `inventory` ENABLE KEYS */;

-- Dumping structure for table dp2pharm.saleitem
CREATE TABLE IF NOT EXISTS `saleitem` (
  `Sale_Code` char(50) CHARACTER SET utf8mb4 COLLATE utf8mb4_0900_ai_ci NOT NULL DEFAULT 'Error - No SaleId',
  `item_barcode` int NOT NULL DEFAULT '1',
  KEY `FK1 Code` (`Sale_Code`),
  KEY `FK2 bc` (`item_barcode`),
  CONSTRAINT `FK1 Code` FOREIGN KEY (`Sale_Code`) REFERENCES `salerecord` (`Sale_Code`)
) ENGINE=InnoDB DEFAULT CHARSET=utf8mb4 COLLATE=utf8mb4_0900_ai_ci;

-- Dumping data for table dp2pharm.saleitem: ~225 rows (approximately)
/*!40000 ALTER TABLE `saleitem` DISABLE KEYS */;
INSERT INTO `saleitem` (`Sale_Code`, `item_barcode`) VALUES
	('e78533f0-8984-4e31-ad41-3dcc920ffc80', 5),
	('e78533f0-8984-4e31-ad41-3dcc920ffc80', 5),
	('e78533f0-8984-4e31-ad41-3dcc920ffc80', 5),
	('e78533f0-8984-4e31-ad41-3dcc920ffc80', 9),
	('680acfa2-9354-49dc-8efc-201d03cc91f2', 143),
	('680acfa2-9354-49dc-8efc-201d03cc91f2', 143),
	('680acfa2-9354-49dc-8efc-201d03cc91f2', 95),
	('680acfa2-9354-49dc-8efc-201d03cc91f2', 105),
	('44271a04-a1cb-41b1-9715-430f6d20c27c', 132),
	('44271a04-a1cb-41b1-9715-430f6d20c27c', 132),
	('44271a04-a1cb-41b1-9715-430f6d20c27c', 132),
	('44271a04-a1cb-41b1-9715-430f6d20c27c', 132),
	('fc20d27e-835f-4832-be94-a6a0dfe50d92', 166),
	('fc20d27e-835f-4832-be94-a6a0dfe50d92', 120),
	('fc20d27e-835f-4832-be94-a6a0dfe50d92', 120),
	('fc20d27e-835f-4832-be94-a6a0dfe50d92', 196),
	('11174589-3e02-4067-aec2-28475c5115d4', 19),
	('11174589-3e02-4067-aec2-28475c5115d4', 19),
	('11174589-3e02-4067-aec2-28475c5115d4', 25),
	('11174589-3e02-4067-aec2-28475c5115d4', 25),
	('4970febf-c242-4d29-8ef6-b7c86e872333', 186),
	('4970febf-c242-4d29-8ef6-b7c86e872333', 98),
	('4970febf-c242-4d29-8ef6-b7c86e872333', 98),
	('4970febf-c242-4d29-8ef6-b7c86e872333', 85),
	('2688e9f1-5a91-4e2d-8772-39989bd67b18', 67),
	('2688e9f1-5a91-4e2d-8772-39989bd67b18', 67),
	('2688e9f1-5a91-4e2d-8772-39989bd67b18', 63),
	('2688e9f1-5a91-4e2d-8772-39989bd67b18', 63),
	('be913d8b-e9a5-45ed-90fc-232927e2ed30', 37),
	('be913d8b-e9a5-45ed-90fc-232927e2ed30', 37),
	('be913d8b-e9a5-45ed-90fc-232927e2ed30', 19),
	('be913d8b-e9a5-45ed-90fc-232927e2ed30', 19),
	('d0d47347-7e78-4ada-bbad-0a12365151b3', 25),
	('d0d47347-7e78-4ada-bbad-0a12365151b3', 115),
	('d0d47347-7e78-4ada-bbad-0a12365151b3', 86),
	('d0d47347-7e78-4ada-bbad-0a12365151b3', 86),
	('e0f25b1d-f3fd-4c2f-b65a-abebf3d4f038', 93),
	('e0f25b1d-f3fd-4c2f-b65a-abebf3d4f038', 93),
	('e0f25b1d-f3fd-4c2f-b65a-abebf3d4f038', 198),
	('e0f25b1d-f3fd-4c2f-b65a-abebf3d4f038', 99),
	('b7b4126f-9efd-4cc1-8ab0-66118fadf80a', 16),
	('b7b4126f-9efd-4cc1-8ab0-66118fadf80a', 16),
	('b7b4126f-9efd-4cc1-8ab0-66118fadf80a', 16),
	('b7b4126f-9efd-4cc1-8ab0-66118fadf80a', 33),
	('6204dba3-e81b-4aa5-88f0-160404ec142a', 59),
	('6204dba3-e81b-4aa5-88f0-160404ec142a', 59),
	('6204dba3-e81b-4aa5-88f0-160404ec142a', 22),
	('6204dba3-e81b-4aa5-88f0-160404ec142a', 22),
	('c154f647-a314-4c62-a4fb-d914dfeba82b', 177),
	('c154f647-a314-4c62-a4fb-d914dfeba82b', 177),
	('c154f647-a314-4c62-a4fb-d914dfeba82b', 181),
	('c154f647-a314-4c62-a4fb-d914dfeba82b', 64),
	('7ea9f1b3-e624-426b-8f1b-a32bc3e63682', 53),
	('7ea9f1b3-e624-426b-8f1b-a32bc3e63682', 53),
	('7ea9f1b3-e624-426b-8f1b-a32bc3e63682', 53),
	('7ea9f1b3-e624-426b-8f1b-a32bc3e63682', 114),
	('93ea4261-0ab5-43f1-8dbe-e8e71e1deafd', 87),
	('93ea4261-0ab5-43f1-8dbe-e8e71e1deafd', 87),
	('93ea4261-0ab5-43f1-8dbe-e8e71e1deafd', 91),
	('93ea4261-0ab5-43f1-8dbe-e8e71e1deafd', 76),
	('1d45b0fc-6455-4bad-b244-588787433e07', 199),
	('1d45b0fc-6455-4bad-b244-588787433e07', 199),
	('1d45b0fc-6455-4bad-b244-588787433e07', 199),
	('1d45b0fc-6455-4bad-b244-588787433e07', 199),
	('67bd63f9-13fc-4c44-9d73-c726645b7143', 14),
	('67bd63f9-13fc-4c44-9d73-c726645b7143', 14),
	('67bd63f9-13fc-4c44-9d73-c726645b7143', 100),
	('67bd63f9-13fc-4c44-9d73-c726645b7143', 100),
	('52ceb9aa-6d13-49e3-80a1-21618ddc18ce', 43),
	('52ceb9aa-6d13-49e3-80a1-21618ddc18ce', 43),
	('52ceb9aa-6d13-49e3-80a1-21618ddc18ce', 153),
	('52ceb9aa-6d13-49e3-80a1-21618ddc18ce', 153),
	('322074ff-9176-482b-a4fc-1035024f491b', 180),
	('322074ff-9176-482b-a4fc-1035024f491b', 20),
	('322074ff-9176-482b-a4fc-1035024f491b', 84),
	('322074ff-9176-482b-a4fc-1035024f491b', 119),
	('7bad57e3-5001-4ef9-8557-733a76fbe9a6', 185),
	('7bad57e3-5001-4ef9-8557-733a76fbe9a6', 185),
	('7bad57e3-5001-4ef9-8557-733a76fbe9a6', 97),
	('7bad57e3-5001-4ef9-8557-733a76fbe9a6', 97),
	('305020cb-1d81-4147-9b54-33b7e3371174', 123),
	('305020cb-1d81-4147-9b54-33b7e3371174', 140),
	('305020cb-1d81-4147-9b54-33b7e3371174', 102),
	('305020cb-1d81-4147-9b54-33b7e3371174', 5),
	('40e47122-0e14-4e8e-91f2-ee9096ca12a4', 9),
	('40e47122-0e14-4e8e-91f2-ee9096ca12a4', 9),
	('40e47122-0e14-4e8e-91f2-ee9096ca12a4', 95),
	('40e47122-0e14-4e8e-91f2-ee9096ca12a4', 95),
	('c879ca34-8bdb-4d98-bfbe-5d7e5eea6741', 95),
	('c879ca34-8bdb-4d98-bfbe-5d7e5eea6741', 105),
	('c879ca34-8bdb-4d98-bfbe-5d7e5eea6741', 105),
	('c879ca34-8bdb-4d98-bfbe-5d7e5eea6741', 132),
	('0a7a7707-4d01-4b6a-a79c-dd651a5a2116', 143),
	('0a7a7707-4d01-4b6a-a79c-dd651a5a2116', 70),
	('0a7a7707-4d01-4b6a-a79c-dd651a5a2116', 166),
	('0a7a7707-4d01-4b6a-a79c-dd651a5a2116', 166),
	('36abbae0-c298-4970-bd26-14fdac3d765c', 85),
	('36abbae0-c298-4970-bd26-14fdac3d765c', 85),
	('36abbae0-c298-4970-bd26-14fdac3d765c', 120),
	('36abbae0-c298-4970-bd26-14fdac3d765c', 186),
	('db7abf2f-152b-422e-ad70-58343eec05e2', 156),
	('db7abf2f-152b-422e-ad70-58343eec05e2', 156),
	('db7abf2f-152b-422e-ad70-58343eec05e2', 156),
	('db7abf2f-152b-422e-ad70-58343eec05e2', 196),
	('1bd2f877-0446-4430-b340-04a60f647d8e', 196),
	('1bd2f877-0446-4430-b340-04a60f647d8e', 98),
	('1bd2f877-0446-4430-b340-04a60f647d8e', 98),
	('1bd2f877-0446-4430-b340-04a60f647d8e', 98),
	('a304e0a8-a0d6-4582-b6e8-f043f2441a03', 67),
	('a304e0a8-a0d6-4582-b6e8-f043f2441a03', 67),
	('a304e0a8-a0d6-4582-b6e8-f043f2441a03', 63),
	('a304e0a8-a0d6-4582-b6e8-f043f2441a03', 63),
	('78de5427-2f8c-4e18-a70d-203e13b019b2', 37),
	('78de5427-2f8c-4e18-a70d-203e13b019b2', 37),
	('78de5427-2f8c-4e18-a70d-203e13b019b2', 19),
	('78de5427-2f8c-4e18-a70d-203e13b019b2', 25),
	('67a76d3c-6fc5-455f-aff3-e4146d451d19', 115),
	('67a76d3c-6fc5-455f-aff3-e4146d451d19', 86),
	('67a76d3c-6fc5-455f-aff3-e4146d451d19', 86),
	('67a76d3c-6fc5-455f-aff3-e4146d451d19', 93),
	('12f67f0b-ff85-4690-b75f-1437221c8276', 198),
	('12f67f0b-ff85-4690-b75f-1437221c8276', 198),
	('12f67f0b-ff85-4690-b75f-1437221c8276', 99),
	('12f67f0b-ff85-4690-b75f-1437221c8276', 16),
	('80511487-490d-4f60-9f21-aa036f3be0eb', 16),
	('80511487-490d-4f60-9f21-aa036f3be0eb', 33),
	('80511487-490d-4f60-9f21-aa036f3be0eb', 33),
	('80511487-490d-4f60-9f21-aa036f3be0eb', 33),
	('2f3a9f40-0e7d-4349-a816-c92e505ee534', 59),
	('2f3a9f40-0e7d-4349-a816-c92e505ee534', 22),
	('2f3a9f40-0e7d-4349-a816-c92e505ee534', 22),
	('2f3a9f40-0e7d-4349-a816-c92e505ee534', 177),
	('d3dff68d-d21f-4add-8357-a341c97ed4ec', 181),
	('d3dff68d-d21f-4add-8357-a341c97ed4ec', 181),
	('d3dff68d-d21f-4add-8357-a341c97ed4ec', 181),
	('d3dff68d-d21f-4add-8357-a341c97ed4ec', 64),
	('4e0a221e-f3c3-40e7-a16a-4cca3dab2d02', 64),
	('4e0a221e-f3c3-40e7-a16a-4cca3dab2d02', 64),
	('4e0a221e-f3c3-40e7-a16a-4cca3dab2d02', 53),
	('4e0a221e-f3c3-40e7-a16a-4cca3dab2d02', 53),
	('592f5698-fba6-44c3-aed0-703c96b3259c', 114),
	('592f5698-fba6-44c3-aed0-703c96b3259c', 114),
	('592f5698-fba6-44c3-aed0-703c96b3259c', 114),
	('592f5698-fba6-44c3-aed0-703c96b3259c', 87),
	('755f9047-64f9-4477-afd7-9282545db50b', 87),
	('755f9047-64f9-4477-afd7-9282545db50b', 91),
	('755f9047-64f9-4477-afd7-9282545db50b', 76),
	('755f9047-64f9-4477-afd7-9282545db50b', 76),
	('e138c9c3-2a29-4bde-b4ec-3fd669c40cc0', 76),
	('e138c9c3-2a29-4bde-b4ec-3fd669c40cc0', 199),
	('e138c9c3-2a29-4bde-b4ec-3fd669c40cc0', 199),
	('e138c9c3-2a29-4bde-b4ec-3fd669c40cc0', 199),
	('4b512fb9-b46b-416e-a311-331ffcb843e3', 199),
	('4b512fb9-b46b-416e-a311-331ffcb843e3', 14),
	('4b512fb9-b46b-416e-a311-331ffcb843e3', 14),
	('4b512fb9-b46b-416e-a311-331ffcb843e3', 14),
	('9f14a1a8-a598-46cb-a835-b860a757ef0f', 100),
	('9f14a1a8-a598-46cb-a835-b860a757ef0f', 100),
	('9f14a1a8-a598-46cb-a835-b860a757ef0f', 100),
	('9f14a1a8-a598-46cb-a835-b860a757ef0f', 43),
	('56e77ea5-b1c2-4355-bd6b-bcc7394f2ed6', 153),
	('56e77ea5-b1c2-4355-bd6b-bcc7394f2ed6', 153),
	('56e77ea5-b1c2-4355-bd6b-bcc7394f2ed6', 153),
	('56e77ea5-b1c2-4355-bd6b-bcc7394f2ed6', 153),
	('6211858e-7050-4d7b-8183-60e018cbe626', 180),
	('6211858e-7050-4d7b-8183-60e018cbe626', 20),
	('6211858e-7050-4d7b-8183-60e018cbe626', 20),
	('6211858e-7050-4d7b-8183-60e018cbe626', 84),
	('a95e1f6c-6a65-4cfb-9ec1-c96fce88249d', 84),
	('a95e1f6c-6a65-4cfb-9ec1-c96fce88249d', 84),
	('a95e1f6c-6a65-4cfb-9ec1-c96fce88249d', 84),
	('a95e1f6c-6a65-4cfb-9ec1-c96fce88249d', 119),
	('7254b61b-a0bc-47f0-8f03-e15cb897358d', 185),
	('7254b61b-a0bc-47f0-8f03-e15cb897358d', 97),
	('7254b61b-a0bc-47f0-8f03-e15cb897358d', 123),
	('7254b61b-a0bc-47f0-8f03-e15cb897358d', 140),
	('4d5e654d-f669-4625-aa54-8ec9170cd36d', 102),
	('4d5e654d-f669-4625-aa54-8ec9170cd36d', 102),
	('4d5e654d-f669-4625-aa54-8ec9170cd36d', 102),
	('4d5e654d-f669-4625-aa54-8ec9170cd36d', 102),
	('bfc9e64d-f17e-4136-b6e8-640157f60140', 157),
	('bfc9e64d-f17e-4136-b6e8-640157f60140', 157),
	('bfc9e64d-f17e-4136-b6e8-640157f60140', 28),
	('bfc9e64d-f17e-4136-b6e8-640157f60140', 28),
	('bfc9e64d-f17e-4136-b6e8-640157f60140', 28),
	('bfc9e64d-f17e-4136-b6e8-640157f60140', 28);
/*!40000 ALTER TABLE `saleitem` ENABLE KEYS */;

-- Dumping structure for table dp2pharm.salerecord
CREATE TABLE IF NOT EXISTS `salerecord` (
  `Sale_Code` char(250) CHARACTER SET utf8mb4 COLLATE utf8mb4_0900_ai_ci NOT NULL DEFAULT 'Error - No Sale Id',
  `Staff_Code` char(50) CHARACTER SET utf8mb4 COLLATE utf8mb4_0900_ai_ci NOT NULL DEFAULT '""',
  `Sale_Time` datetime NOT NULL DEFAULT CURRENT_TIMESTAMP,
  PRIMARY KEY (`Sale_Code`),
  KEY `Staff_Code` (`Staff_Code`),
  KEY `Sale_Time` (`Sale_Time`)
) ENGINE=InnoDB DEFAULT CHARSET=utf8mb4 COLLATE=utf8mb4_0900_ai_ci;

-- Dumping data for table dp2pharm.salerecord: ~42 rows (approximately)
/*!40000 ALTER TABLE `salerecord` DISABLE KEYS */;
INSERT INTO `salerecord` (`Sale_Code`, `Staff_Code`, `Sale_Time`) VALUES
	('0a7a7707-4d01-4b6a-a79c-dd651a5a2116', 'phpadmin', '2020-10-02 00:00:00'),
	('11174589-3e02-4067-aec2-28475c5115d4', 'phpadmin', '2020-10-01 00:00:00'),
	('12f67f0b-ff85-4690-b75f-1437221c8276', 'phpadmin', '2020-09-30 00:00:00'),
	('1bd2f877-0446-4430-b340-04a60f647d8e', 'phpadmin', '2020-09-29 00:00:00'),
	('1d45b0fc-6455-4bad-b244-588787433e07', 'phpadmin', '2020-09-28 00:00:00'),
	('2688e9f1-5a91-4e2d-8772-39989bd67b18', 'phpadmin', '2020-09-27 00:00:00'),
	('2f3a9f40-0e7d-4349-a816-c92e505ee534', 'phpadmin', '2020-09-26 00:00:00'),
	('305020cb-1d81-4147-9b54-33b7e3371174', 'phpadmin', '2020-09-25 00:00:00'),
	('322074ff-9176-482b-a4fc-1035024f491b', 'phpadmin', '2020-09-24 00:00:00'),
	('36abbae0-c298-4970-bd26-14fdac3d765c', 'phpadmin', '2020-09-03 00:00:00'),
	('40e47122-0e14-4e8e-91f2-ee9096ca12a4', 'phpadmin', '2020-09-08 00:00:00'),
	('44271a04-a1cb-41b1-9715-430f6d20c27c', 'phpadmin', '2020-09-13 00:00:00'),
	('4970febf-c242-4d29-8ef6-b7c86e872333', 'phpadmin', '2020-09-18 00:00:00'),
	('4b512fb9-b46b-416e-a311-331ffcb843e3', 'phpadmin', '2020-09-09 00:00:00'),
	('4d5e654d-f669-4625-aa54-8ec9170cd36d', 'phpadmin', '2020-09-08 00:00:00'),
	('4e0a221e-f3c3-40e7-a16a-4cca3dab2d02', 'phpadmin', '2020-09-11 00:00:00'),
	('52ceb9aa-6d13-49e3-80a1-21618ddc18ce', 'phpadmin', '2020-09-29 00:00:00'),
	('56e77ea5-b1c2-4355-bd6b-bcc7394f2ed6', 'phpadmin', '2020-10-01 00:00:00'),
	('592f5698-fba6-44c3-aed0-703c96b3259c', 'phpadmin', '2020-10-02 00:00:00'),
	('6204dba3-e81b-4aa5-88f0-160404ec142a', 'phpadmin', '2020-10-04 00:00:00'),
	('6211858e-7050-4d7b-8183-60e018cbe626', 'phpadmin', '2020-10-07 00:00:00'),
	('67a76d3c-6fc5-455f-aff3-e4146d451d19', 'phpadmin', '2020-10-05 00:00:00'),
	('67bd63f9-13fc-4c44-9d73-c726645b7143', 'phpadmin', '2020-10-08 00:00:00'),
	('680acfa2-9354-49dc-8efc-201d03cc91f2', 'phpadmin', '2020-10-11 00:00:00'),
	('7254b61b-a0bc-47f0-8f03-e15cb897358d', 'phpadmin', '2020-10-11 00:00:00'),
	('755f9047-64f9-4477-afd7-9282545db50b', 'phpadmin', '2020-10-13 00:00:00'),
	('78de5427-2f8c-4e18-a70d-203e13b019b2', 'phpadmin', '2020-10-12 00:00:00'),
	('7bad57e3-5001-4ef9-8557-733a76fbe9a6', 'phpadmin', '2020-10-13 00:00:00'),
	('7ea9f1b3-e624-426b-8f1b-a32bc3e63682', 'phpadmin', '2020-10-13 00:00:00'),
	('80511487-490d-4f60-9f21-aa036f3be0eb', 'phpadmin', '2020-10-15 00:00:00'),
	('93ea4261-0ab5-43f1-8dbe-e8e71e1deafd', 'phpadmin', '2020-10-16 00:00:00'),
	('9f14a1a8-a598-46cb-a835-b860a757ef0f', 'phpadmin', '2020-10-18 00:00:00'),
	('a304e0a8-a0d6-4582-b6e8-f043f2441a03', 'phpadmin', '2020-10-17 00:00:00'),
	('a95e1f6c-6a65-4cfb-9ec1-c96fce88249d', 'phpadmin', '2020-10-02 00:00:00'),
	('b7b4126f-9efd-4cc1-8ab0-66118fadf80a', 'phpadmin', '2020-11-06 00:00:00'),
	('be913d8b-e9a5-45ed-90fc-232927e2ed30', 'phpadmin', '2020-11-08 00:00:00'),
	('bfc9e64d-f17e-4136-b6e8-640157f60140', 'root', '2020-10-22 09:36:02'),
	('c154f647-a314-4c62-a4fb-d914dfeba82b', 'phpadmin', '2020-11-07 00:00:00'),
	('c879ca34-8bdb-4d98-bfbe-5d7e5eea6741', 'phpadmin', '2020-11-11 06:00:00'),
	('d0d47347-7e78-4ada-bbad-0a12365151b3', 'phpadmin', '2020-11-15 06:00:00'),
	('d3dff68d-d21f-4add-8357-a341c97ed4ec', 'phpadmin', '2020-11-19 00:00:00'),
	('db7abf2f-152b-422e-ad70-58343eec05e2', 'phpadmin', '2020-11-15 00:00:00'),
	('e0f25b1d-f3fd-4c2f-b65a-abebf3d4f038', 'phpadmin', '2020-11-13 00:00:00'),
	('e138c9c3-2a29-4bde-b4ec-3fd669c40cc0', 'phpadmin', '2020-11-11 00:00:00'),
	('e78533f0-8984-4e31-ad41-3dcc920ffc80', 'phpadmin', '2020-11-26 00:00:00'),
	('fc20d27e-835f-4832-be94-a6a0dfe50d92', 'phpadmin', '2020-11-16 00:00:00');
/*!40000 ALTER TABLE `salerecord` ENABLE KEYS */;

/*!40101 SET SQL_MODE=IFNULL(@OLD_SQL_MODE, '') */;
/*!40014 SET FOREIGN_KEY_CHECKS=IF(@OLD_FOREIGN_KEY_CHECKS IS NULL, 1, @OLD_FOREIGN_KEY_CHECKS) */;
/*!40101 SET CHARACTER_SET_CLIENT=@OLD_CHARACTER_SET_CLIENT */;
